<?xml version="1.0" encoding="UTF-8" ?>
<templates>
    <!--    dynamic blog snippet template   -->
    <t t-name="theme_autofly.blog_snippet">
        <div class="row">
            <t t-foreach="blog_data" t-as="blog" t-key="blog.id">
                <div class="col-lg-4 col-md-4 col-12">
                    <div class="card">
                        <div class="b_img">
                            <div class="tag" t-esc="blog.published_date"/>
                            <img class="card-img-top"
                                 t-attf-src="/website_blog/static/src/img/cover_{{blog.id }}.jpg"
                                 alt="Card image cap"/>
                        </div>
                        <div class="card-body">
                            <h5 class="card-title" t-esc="blog.name"/>
                            <p class="card-text">
                                <t t-esc="blog.subtitle"/>
                            </p>
                            <a t-attf-href="/blog/#{slug(blog.blog_id)}/#{slug([blog.id, blog.name])}"
                               class="read_more">Read more
                                <svg width="27" height="16"
                                     viewBox="0 0 27 16" fill="none" xmlns="http://www.w3.org/2000/svg">
                                    <path d="M1 7C0.447715 7 0 7.44772 0 8C0 8.55228 0.447715 9 1 9V7ZM26.7071 8.70711C27.0976 8.31658 27.0976 7.68342 26.7071 7.29289L20.3431 0.928932C19.9526 0.538408 19.3195 0.538408 18.9289 0.928932C18.5384 1.31946 18.5384 1.95262 18.9289 2.34315L24.5858 8L18.9289 13.6569C18.5384 14.0474 18.5384 14.6805 18.9289 15.0711C19.3195 15.4616 19.9526 15.4616 20.3431 15.0711L26.7071 8.70711ZM1 9H26V7H1V9Z"
                                            fill="#282828"/>
                                </svg>
                            </a>
                        </div>
                    </div>
                </div>
            </t>
        </div>
    </t>
</templates>