<?xml version="1.0" encoding="UTF-8" ?>
<templates>
    <t t-name="theme_autofly.testimonial_snippet">
        <div t-attf-id="myQuoteCarousel{{uniq}}"
             class="s_quotes_carousel s_carousel_default carousel slide o_cc"
             data-bs-interval="10000">
            <ol class="carousel-indicators">
                <t t-set="index" t-value="0"/>
                <t t-foreach="data" t-as="slide" t-if="data" t-key="index">
                    <li t-attf-data-bs-target="#myQuoteCarousel{{uniq}}"
                        t-att-data-bs-slide-to="index"
                        t-att-class="index == 0 ? 'active' : ''"/>
                    <t t-set="index" t-value="index + 1"/>
                </t>
            </ol>
            <div class="carousel-inner wrapper">
                <t t-set="index" t-value="0"/>
                <t t-foreach="data" t-as="slide" t-if="data" t-key="slide">
                    <div t-att-class="'carousel-item oe_img_bg o_bg_img_center pt80 pb80 slider_wrapper ' + (index == 0 and 'active' or '')"
                        data-name="Slide">
                        <t t-set="index" t-value="index + 1"/>
                        <div class="container owl-carousel row" style="display:flex;">
                            <t t-foreach="data[slide]" t-as="item" t-if="slide" t-key="item">
                                <div class="col-sm item">
                                    <div class="item_wrapper col-sm">
                                        <div class="media">
                                            <img class="mr-3"
                                                 t-attf-src="/web/image?model=res.partner&amp;field=image_128&amp;id=#{item.partner_id}"
                                                 alt=""/>
                                            <div class="media-body">
                                                <h5 class="mt-0" t-esc="item.name"/>
                                            </div>
                                        </div>
                                        <p t-esc="item.review"/>
                                        <div class="rating">
                                            <ul>
                                                <t t-foreach="range(item.rating)" t-if="item.rating" t-as="num" t-key="num">
                                                    <li>
                                                        <i class="fa fa-star rating-testimonial" role="img"/>
                                                    </li>
                                                </t>
                                                <t t-foreach="range(5-item.rating)" t-if="item.rating" t-as="num" t-key="num">
                                                    <li>
                                                        <i class="fa fa-star-o rating-testimonial" role="img"/>
                                                    </li>
                                                </t>
                                            </ul>
                                        </div>
                                    </div>
                                </div>
                            </t>
                        </div>
                    </div>
                </t>
                <t t-if="data">
                    <div class="carousel-control-prev o_not_editable"
                         t-attf-data-bs-target="#myQuoteCarousel{{uniq}}"
                         data-bs-slide="prev" role="img" aria-label="Previous"
                         title="Previous">
                        <span class="carousel-control-prev-icon"/>
                        <span class="visually-hidden">Previous</span>
                    </div>
                    <div class="carousel-control-next o_not_editable"
                         t-attf-data-bs-target="#myQuoteCarousel{{uniq}}"
                         data-bs-slide="next" role="img" aria-label="Next"
                         title="Next">
                        <span class="carousel-control-next-icon"/>
                        <span class="visually-hidden">Next</span>
                    </div>
                </t>
            </div>
        </div>
    </t>
</templates>